variable,count,mean,std,min,25%,50%,75%,max,original
dummy1,1000.0,6.008508885537583e-06,0.010506078856588977,-0.0356618841332974,-0.0072345764747419996,-0.00018129888883315,0.00695263733492085,0.0315101909512662,0.0041840374617621
dummy2,1000.0,0.00047623825835234763,0.009544462912104264,-0.0263607288805687,-0.005973249325573925,0.00034078619578975,0.006667968029246225,0.0288895667379804,0.0022021754398338
x1,1000.0,0.010313815479018296,3.008873630758678,-10.317483426700182,-1.9563379653269657,0.10686028358696445,1.9666872610168014,28.20494891239461,28.20494891239461
x2,1000.0,-0.09472276040885566,8.242886736000191,-22.70997409047269,-5.554182824809852,-0.18309667357249815,5.287679030823189,75.05031618976966,75.05031618976966
x3,1000.0,-0.1088518548423533,1.8556823185381255,-5.291804052420872,-1.3572242382178845,-0.13364066707567573,1.1039084641449701,17.753792733707904,17.753792733707904
